name,url,price
Люстра Maytoni Node MOD165PL-L18G3K,https://svetilnik-online.ru/svetilnik-ljustra-maytoni-node-mod165pll18g3k,29 790 р
Светильник потолочный Velante 226-003-05,https://svetilnik-online.ru/svetilnik-potolochnyj-velante-226-003-05,10 921 р
Люстра Viokef Anouk 4228601,https://svetilnik-online.ru/svetilnik-ljustra-viokef-anouk-4228601,5 590 р
Светильник потолочный Mantra Cumbuco 5500,https://svetilnik-online.ru/svetilnik-potolochnyj-mantra-cumbuco-5500,34 463 р
Люстра Odeon Light Corda 4391/40CL,https://svetilnik-online.ru/svetilnik-ljustra-odeon-light-corda-4391-40cl,32 990 р
Люстра Lightstar Roma 718133,https://svetilnik-online.ru/svetilnik-ljustra-lightstar-roma-718133,"
32 430 р
"
Люстра Delight Collection P0691-6A black,https://svetilnik-online.ru/svetilnik-ljustra-delight-collection-p0691-6a-black,21 990 р
Люстра Indigo Cascata 13021/A/4P V000356,https://svetilnik-online.ru/svetilnik-ljustra-indigo-cascata-13021-a-4p-v000356,84 430 р
Люстра iLedex North 8288D-600-600 WH,https://svetilnik-online.ru/svetilnik-ljustra-iledex-north-8288d-600-600-wh,27 890 р
Люстра Odeon Light Travertino 6625/20L,https://svetilnik-online.ru/svetilnik-ljustra-odeon-light-travertino-6625-20l,16 990 р
Люстра Loft It Spark 10101/1000 Gold,https://svetilnik-online.ru/svetilnik-ljustra-loft-it-spark-10101-1000-gold,65 870 р
Люстра Delight Collection Wendt KG1202P-6 grey/clear,https://svetilnik-online.ru/svetilnik-ljustra-delight-collection-wendt-kg1202p-6-grey-clear,26 170 р
Люстра Bogates Conte 333/8,https://svetilnik-online.ru/svetilnik-ljustra-bogates-conte-333-8,29 900 р
Светильник потолочный Lumion Doris 4436/5C,https://svetilnik-online.ru/svetilnik-potolochnyj-lumion-doris-4436-5c,14 800 р
Люстра Velante 552-713-07,https://svetilnik-online.ru/svetilnik-ljustra-velante-552-713-07,28 356 р
Светильник потолочный Mantra Adn 6422,https://svetilnik-online.ru/svetilnik-potolochnyj-mantra-adn-6422,122 431 р
Люстра Lightstar Roma 718183,https://svetilnik-online.ru/svetilnik-ljustra-lightstar-roma-718183,"
45 540 р
"
Светильник потолочный Viokef Karolina 4258800,https://svetilnik-online.ru/svetilnik-potolochnyj-viokef-karolina-4258800,63 790 р
Люстра Odeon Light Travertino 6625/1L,https://svetilnik-online.ru/svetilnik-ljustra-odeon-light-travertino-6625-1l,7 150 р
Люстра Loft It Star 10141/600,https://svetilnik-online.ru/svetilnik-ljustra-loft-it-star-10141-600,36 660 р
Светильник потолочный Mantra Eos 1881,https://svetilnik-online.ru/ulichnyj-potolochnyj-svetilnik-mantra-eos-1881,46 004 р
Люстра Viokef Linus 4173600,https://svetilnik-online.ru/svetilnik-ljustra-viokef-linus-4173600,55 390 р
Люстра ST-Luce Estense SL6203.403.65,https://svetilnik-online.ru/svetilnik-ljustra-st-luce-estense-sl6203-403-65,33 700 р
Люстра Indigo Cascata 13021/B/4P V000357,https://svetilnik-online.ru/svetilnik-ljustra-indigo-cascata-13021-b-4p-v000357,55 890 р
Светильник потолочный Velante 446-207-06,https://svetilnik-online.ru/svetilnik-potolochnyj-velante-446-207-06,11 530 р
Светильник потолочный iLedex Music 1706/500 WH,https://svetilnik-online.ru/svetilnik-potolochnyj-iledex-music-1706-500-wh,17 890 р
Светильник потолочный Lightstar Nubi 802030,https://svetilnik-online.ru/svetilnik-potolochnyj-lightstar-802030,21 803 р
Светильник потолочный Velante 445-047-01,https://svetilnik-online.ru/svetilnik-potolochnyj-velante-445-047-01,9 136 р
Светильник потолочный Odeon Light Denzel 4320/75CL,https://svetilnik-online.ru/svetilnik-potolochnyj-odeon-light-denzel-4320-75cl,43 130 р
Светильник потолочный Mantra Zero 5410,https://svetilnik-online.ru/svetilnik-potolochnyj-mantra-zero-5410,10 149 р
Люстра Wertmark Daciana WE185.12.303,https://svetilnik-online.ru/svetilnik-ljustra-wertmark-daciana-we185-12-303,128 115 р
Люстра Viokef Anouk 4228500,https://svetilnik-online.ru/svetilnik-ljustra-viokef-anouk-4228500,20 990 р
Люстра Odeon Light Sparky 4370/5L,https://svetilnik-online.ru/svetilnik-ljustra-odeon-light-sparky-4370-5l,8 670 р
Светильник потолочный Delight Collection Stamford BRCH9004-60-AB,https://svetilnik-online.ru/svetilnik-potolochnyj-delight-collection-stamford-brch9004-60-ab,83 860 р
Люстра Eurosvet Sandra 3535/6,https://svetilnik-online.ru/svetilnik-ljustra-eurosvet-sandra-3535-6,25 900 р
Люстра ST-Luce Olbia SL6004.313.02,https://svetilnik-online.ru/svetilnik-ljustra-st-luce-olbia-sl6004-313-02,12 830 р
Светильник потолочный Lightstar Bergamo 745147,https://svetilnik-online.ru/svetilnik-potolochnyj-lightstar-bergamo-745147,51 870 р
Светильник потолочный Moderli Square V8090-PL,https://svetilnik-online.ru/svetilnik-potolochnyj-moderli-square-v8090-pl,"
39 990 р
"
Светильник потолочный Mantra Eos 1882,https://svetilnik-online.ru/ulichnyj-potolochnyj-svetilnik-mantra-eos-1882,36 678 р
Люстра Delight Collection KG1213P-8 brass,https://svetilnik-online.ru/svetilnik-ljustra-delight-collection-kg1213p-8-brass,45 400 р
