Название,Ссылка,Цена
Светильник точечный Lightstar Rullo 214437,https://svetilnik-online.ru/svetilnik-tochechnyj-lightstar-rullo-214437,790 р
Светильник точечный Lightstar Rullo 214436,https://svetilnik-online.ru/svetilnik-tochechnyj-lightstar-rullo-214436,790 р
Светильник точечный Wertmark WTD.O01.000.V0.07,https://svetilnik-online.ru/svetilnik-tochechnyj-wertmark-wtd-o01-000-v0-07,2 286 р
Светильник точечный Denkirs DK3022-BK,https://svetilnik-online.ru/svetilnik-tochechnyj-denkirs-dk3022-bk,1 334 р
Светильник точечный Lightstar Rullo 214407,https://svetilnik-online.ru/svetilnik-tochechnyj-lightstar-rullo-214407,1 651 р
Светильник точечный Lightstar Rullo 214406,https://svetilnik-online.ru/svetilnik-tochechnyj-lightstar-rullo-214406,1 651 р
Светильник точечный Denkirs DK3020-WH,https://svetilnik-online.ru/svetilnik-tochechnyj-denkirs-dk3020-wh,725 р
Светильник точечный Delight Collection WB8512DR,https://svetilnik-online.ru/svetilnik-tochechnyj-delight-collection-wb8512dr,9 260 р
Светильник точечный Mantra Comfort IP65 6811,https://svetilnik-online.ru/svetilnik-tochechnyj-mantra-comfort-ip54-6811,2 053 р
Светильник точечный Mantra Comfort IP65 6810,https://svetilnik-online.ru/svetilnik-tochechnyj-mantra-comfort-ip54-6810,2 053 р
Светильник точечный Wertmark WTD.O01.600.V0.07,https://svetilnik-online.ru/svetilnik-tochechnyj-wertmark-wtd-o01-600-v0-07,2 286 р
Светильник точечный Lightstar Domino Round MR16 D61707,https://svetilnik-online.ru/svetilnik-tochechnyj-lightstar-domino-round-mr16-d61707,1 326 р
Светильник точечный Elektrostandard DLN102 GU10 Black Gold,https://svetilnik-online.ru/svetilnik-tochechnyj-elektrostandard-dln102-gu10-black-gold,750 р
Светильник точечный Novotech Luna 357572,https://svetilnik-online.ru/svetilnik-tochechnyj-novotech-luna-357572,910 р
Светильник точечный Lightstar Tensio 212110,https://svetilnik-online.ru/svetilnik-tochechnyj-lightstar-tablet-212110,269 р
Светильник точечный Lightstar Rullo 214486,https://svetilnik-online.ru/svetilnik-tochechnyj-lightstar-rullo-214486,1 273 р
Светильник точечный Delight Collection WA6590NR-B,https://svetilnik-online.ru/svetilnik-tochechnyj-delight-collection-wa6590nr-b,11 480 р
Светильник точечный Mantra Comfort IP65 6812,https://svetilnik-online.ru/svetilnik-tochechnyj-mantra-comfort-ip54-6812,2 246 р
Светильник точечный Mantra Comfort C0160,https://svetilnik-online.ru/svetilnik-tochechnyj-mantra-comfort-c0160,1 784 р
Светильник точечный Lightstar Domino Round MR16 D6260607,https://svetilnik-online.ru/svetilnik-tochechnyj-lightstar-domino-round-mr16-d6260607,2 666 р
Светильник точечный Lightstar Intero 16 Quadro i51707,https://svetilnik-online.ru/svetilnik-tochechnyj-lightstar-intero-16-quadro-i51707,1 274 р
Светильник точечный Lightstar Urbano 216802,https://svetilnik-online.ru/svetilnik-tochechnyj-lightstar-urbano-216802,4 736 р
Светильник точечный Novotech Pipe 370397,https://svetilnik-online.ru/svetilnik-tochechnyj-novotech-pipe-370397,1 260 р
Светильник точечный Denkirs Vibi DK3024-BK,https://svetilnik-online.ru/svetilnik-tochechnyj-denkirs-dk3024-bk,795 р
Светильник точечный Delight Collection WA6560NR-B,https://svetilnik-online.ru/svetilnik-tochechnyj-delight-collection-wa6560nr-b,8 900 р
Светильник точечный Wertmark Stecken II WE804.01.027,https://svetilnik-online.ru/svetilnik-tochechnyj-wertmark-stecken-ii-we804-01-027,1 698 р
Светильник точечный Denkirs Vibi DK3024-WH,https://svetilnik-online.ru/svetilnik-tochechnyj-denkirs-dk3024-wh,795 р
Светильник точечный Novotech Luna 358028,https://svetilnik-online.ru/svetilnik-tochechnyj-novotech-luna-358028,910 р
Светильник точечный Lightstar Domino Quadro MR16 D51606,https://svetilnik-online.ru/svetilnik-tochechnyj-lightstar-domino-quadro-mr16-d51606,1 460 р
Светильник точечный Mantra Metacrilato C0084,https://svetilnik-online.ru/svetilnik-tochechnyj-mantra-metacrilato-c0084,7 786 р
Светильник точечный Lightstar Binoco Duo 052026,https://svetilnik-online.ru/svetilnik-tochechnyj-lightstar-binoco-duo-052026,4 937 р
Светильник точечный Denkirs DK3022-WH,https://svetilnik-online.ru/svetilnik-tochechnyj-denkirs-dk3022-wh,1 334 р
Светильник точечный Mantra Comfort IP65 6813,https://svetilnik-online.ru/svetilnik-tochechnyj-mantra-comfort-ip54-6813,2 246 р
Светильник точечный Lightstar Singo X2 011612,https://svetilnik-online.ru/svetilnik-tochechnyj-lightstar-singo-x2-011612,2 939 р
Светильник точечный Maytoni Atom C016CL-01W,https://svetilnik-online.ru/svetilnik-tochechnyj-maytoni-alfa-c016cl-01w,2 290 р
Светильник точечный Lightstar Domino Quadro MR16 D5260606,https://svetilnik-online.ru/svetilnik-tochechnyj-lightstar-domino-quadro-mr16-d5260606,2 707 р
Светильник точечный Mantra Saona C0180,https://svetilnik-online.ru/svetilnik-tochechnyj-mantra-saona-c0180,3 459 р
Светильник точечный Maytoni Atom C016CL-01B,https://svetilnik-online.ru/svetilnik-tochechnyj-maytoni-alfa-c016cl-01b,2 290 р
Светильник точечный Denkirs DK3029-WH,https://svetilnik-online.ru/svetilnik-tochechnyj-denkirs-dk3029-wh,809 р
Светильник точечный Lightstar Zocco 223062,https://svetilnik-online.ru/svetilnik-tochechnyj-lightstar-zocco-223062,629 р
